-- phpMyAdmin SQL Dump
-- version 5.2.0
-- https://www.phpmyadmin.net/
--
-- Host: localhost:4306:4306
-- Generation Time: Nov 28, 2022 at 12:35 PM
-- Server version: 10.4.25-MariaDB
-- PHP Version: 7.4.30

SET SQL_MODE = "NO_AUTO_VALUE_ON_ZERO";
START TRANSACTION;
SET time_zone = "+00:00";


/*!40101 SET @OLD_CHARACTER_SET_CLIENT=@@CHARACTER_SET_CLIENT */;
/*!40101 SET @OLD_CHARACTER_SET_RESULTS=@@CHARACTER_SET_RESULTS */;
/*!40101 SET @OLD_COLLATION_CONNECTION=@@COLLATION_CONNECTION */;
/*!40101 SET NAMES utf8mb4 */;

--
-- Database: `bandoan`
--

-- --------------------------------------------------------

--
-- Table structure for table `manufactures`
--

CREATE TABLE `manufactures` (
  `manu_id` int(11) NOT NULL,
  `manu_name` varchar(100) COLLATE utf8_unicode_ci NOT NULL
) ENGINE=MyISAM DEFAULT CHARSET=utf8 COLLATE=utf8_unicode_ci;

--
-- Dumping data for table `manufactures`
--

INSERT INTO `manufactures` (`manu_id`, `manu_name`) VALUES
(18, 'Capple.vn');

-- --------------------------------------------------------

--
-- Table structure for table `orders`
--

CREATE TABLE `orders` (
  `order_id` int(11) NOT NULL,
  `user_id` int(11) NOT NULL,
  `pro_id` int(11) NOT NULL,
  `pro_name` varchar(50) COLLATE utf8_unicode_ci NOT NULL,
  `quantity` int(11) NOT NULL,
  `address` varchar(100) COLLATE utf8_unicode_ci NOT NULL,
  `phone` text COLLATE utf8_unicode_ci NOT NULL,
  `status` int(11) NOT NULL DEFAULT 0,
  `total` int(11) NOT NULL,
  `note` varchar(150) COLLATE utf8_unicode_ci NOT NULL,
  `date_create` timestamp NOT NULL DEFAULT current_timestamp()
) ENGINE=MyISAM DEFAULT CHARSET=utf8 COLLATE=utf8_unicode_ci;

--
-- Dumping data for table `orders`
--

INSERT INTO `orders` (`order_id`, `user_id`, `pro_id`, `pro_name`, `quantity`, `address`, `phone`, `status`, `total`, `note`, `date_create`) VALUES
(67, 14, 56, 'Nho Pháp thượng hạng (kg)', 1, 'Trần Dần', '123456', 0, 155000, '', '2022-11-19 00:55:15'),
(68, 1, 18, 'Dâu tây đỏ ngọt (kg)', 1, '123123123', '999999999', 1, 105000, '', '2022-11-19 16:54:06'),
(62, 1, 16, 'Chanh dây Nga tươi (kg)', 1, 'hoahsdasds', '999999999', 1, 125000, '', '2022-11-18 14:43:58'),
(64, 1, 18, 'Dâu tây đỏ ngọt (kg)', 2, 'Trần Dần', '999999999', 1, 205000, '', '2022-11-19 00:40:45'),
(65, 1, 22, 'Bánh kem Matcha', 1, 'Trần Dần', '999999999', 1, 600000, 'Chuc mung dam tang', '2022-11-19 00:44:27'),
(69, 1, 13, 'Dưa leo Ấn Độ (kg)', 2, 'Man Thiện, Long Thạnh Mỹ, Quận 9, Thành phố Thủ Đức', '999999999', 1, 105000, '', '2022-11-26 10:14:45'),
(70, 1, 13, 'Dưa leo Ấn Độ (kg)', 2, '285/6/8 Phạm Văn Chiêu, P.14, Quận Gò Vấp', '0935540795', 1, 105000, '', '2022-11-28 11:34:16');

-- --------------------------------------------------------

--
-- Table structure for table `products`
--

CREATE TABLE `products` (
  `id` int(11) NOT NULL,
  `name` varchar(150) COLLATE utf8_unicode_ci NOT NULL,
  `manu_id` int(11) NOT NULL,
  `type_id` int(11) NOT NULL,
  `price` int(11) NOT NULL,
  `pro_image` varchar(150) COLLATE utf8_unicode_ci NOT NULL,
  `description` text COLLATE utf8_unicode_ci NOT NULL,
  `feature` tinyint(4) NOT NULL,
  `created_at` timestamp NOT NULL DEFAULT current_timestamp()
) ENGINE=MyISAM DEFAULT CHARSET=utf8 COLLATE=utf8_unicode_ci;

--
-- Dumping data for table `products`
--

INSERT INTO `products` (`id`, `name`, `manu_id`, `type_id`, `price`, `pro_image`, `description`, `feature`, `created_at`) VALUES
(1, 'Bánh kem bơ Pháp', 18, 2, 850000, 'banhkembophap.jpg', 'Vẫn sở hữu phần cốt bánh bông lan xốp mịn, điều làm cho những chiếc bánh kem này trở nên đặc biệt và cuốn hút nằm ở phần kem bơ.\r\n\r\nKem bơ Pháp được làm từ những nguyên liệu gồm lòng đỏ trứng, syrup đường và bơ lạt. Nhờ sử dụng thêm lòng đỏ trứng, thành phẩm kem bơ sẽ có hương vị cực kì thơm ngon, mềm mượt và tan ngay khi vào miệng.\r\n\r\nNhững người thợ tài hoa của Grand Castella còn tận dụng phần kem bơ này, sáng tạo nên những hình ảnh trang trí độc đáo, giúp chiếc bánh kem đã ngon nay trở nên xinh đẹp hơn.', 1, '2021-10-22 04:15:10'),
(53, 'Cải thìa Triều Tiên (kg)', 18, 3, 70000, 'caithia.jpg', 'Cải thìa Triều Tiên do ông Kim trồng ăn rất ngon nhé. Mua ăn thử đi biết', 0, '2022-11-18 08:20:02'),
(54, 'Cà rốt Bắc Mỹ (kg)', 18, 3, 120000, 'carot.jpg', 'Cà rốt Bắc Mỹ do ông Donald Trump đích thân trồng tại nông trại. Không qua bất cứ máy móc và hóa chất. Nên rất ngon và đắt', 0, '2022-11-18 08:19:55'),
(55, 'Cà chua Nhật Bản (kg)', 18, 3, 110000, 'cachua.jpg', 'Do Thiên Hoàng Minh Trị trồng từ thời chiến tranh thế giới thứ 2. Đặc biệt loại này không dính phóng xạ nên ăn bổ lắm nha.', 0, '2022-11-18 08:19:46'),
(3, 'Chanh tươi Irag (kg)', 18, 3, 250000, 'chanhtuoiirag.jpg', 'Loại tranh xuất xứ từ những anh Iran, Irag đẹp trai. Khủng b*, nên chanh này ăn ngon và hấp dẫn. Tận hưởng những phút giây như bị kh**g bố khi ăn nó', 0, '2022-11-18 08:22:41'),
(5, 'Bánh kem dâu Ý', 18, 2, 1200000, 'banhkemdau.jpg', 'Xuất xứ từ Ý, du nhập Việt Nam năm 2022. Mới lạ và đang là xu hướng', 1, '2022-11-18 08:22:28'),
(7, 'Cà tím Châu Phi (kg)', 18, 3, 120000, 'catim.jpg', 'Loại cà tím Châu Phi này to thì khỏi phải nói :)). Ăn thì cũng ngon, làm ngất ngây bao nhiêu chị em. Mua ăn thử bạn nhé', 1, '2022-11-18 08:22:20'),
(11, 'Hồng đỏ Nam Mỹ (kg)', 18, 1, 165000, 'hongdomy.jpg', 'Hồng đỏ tươi Nam Mỹ, cung cấp nhiều khoáng chất tốt cho cơ thể', 1, '2022-11-18 08:22:12'),
(12, 'Bánh kem Matcha Nho', 18, 2, 320000, 'banhkemnhomatcha.jpg', 'Sản phẩm tốt với giá thành rẻ. Ngon mà đẹp, thích hợp với sinh viên', 1, '2022-11-18 08:21:53'),
(13, 'Dưa leo Ấn Độ (kg)', 18, 3, 50000, 'dualeoando.jpg', 'Dưa leo Ấn Độ chỉ được trồng ở Ấn Độ. Không xuất khẩu, nay có ở Việt Nam nhờ tui buôn l*u. Mua ăn đi nhé!!!', 1, '2022-11-18 08:21:34'),
(16, 'Chanh dây Nga tươi (kg)', 18, 1, 120000, 'chanhday.jpg', 'Loại chanh dây đặc biệt này chỉ trồng được ở nước Hàn Đới như Nga, nên đừng thắc ắc giá cả. Mua ăn liền đi nhé!!!', 1, '2022-11-18 08:21:23'),
(17, 'Bánh kem Táo Hàn Quốc', 18, 2, 550000, 'banhkemtao.jpg', 'Bánh kem táo Hàn Quốc siêu đẹp và ngon', 1, '2022-11-18 08:21:15'),
(18, 'Dâu tây đỏ ngọt (kg)', 18, 1, 100000, 'dautay.jpg', 'Loại dâu tây này siêu ngọt và thơm. Ăn ngon nhé bạn', 1, '2022-11-18 08:21:01'),
(21, 'Vải thiều loại to (kg)', 18, 1, 85000, 'vaithieuloaito.jpg', 'Vải thiều loại to, tươi mới mỗi ngày. Cung cấp Vitamin tốt cho sức khỏe', 0, '2022-11-18 08:20:52'),
(22, 'Bánh kem Matcha', 18, 2, 600000, 'banhkemmatcha.jpg', 'Bánh kem matcha trà xanh, cực kỳ thơm ngon. Được khá nhiều người ưa chuộng', 1, '2022-11-18 08:22:01'),
(23, 'Ớt chuông đỏ (kg)', 18, 3, 60000, 'otchuongdo.jpg', 'Ớt chuông đỏ cung cấp nhiều Vitamin D. Loại này ít cay nhưng ngon khi xào chung với Mực', 1, '2022-11-18 08:20:15'),
(56, 'Nho Pháp thượng hạng (kg)', 18, 1, 150000, 'nho.jpg', 'Loại nho Pháp thượng hạng này được Napoleon cho trồng vào giữa thế kỷ XVII và thịnh hành đến bây giờ. Được mình nhập khẩu chui về bán cho bạn ăn', 0, '2022-11-18 08:19:33'),
(57, 'Kiwi ngọt Brazil (kg)', 18, 1, 190000, 'kiwi.jpg', 'Kiwi được hái từ trong rừng Amazon tại Brazil, hương vị phải nói là ngây ngất lòng người, ăn 1 lần là lần sau khỏi ăn luôn', 0, '2022-11-20 03:35:21');

-- --------------------------------------------------------

--
-- Table structure for table `protypes`
--

CREATE TABLE `protypes` (
  `type_id` int(11) NOT NULL,
  `type_name` varchar(100) COLLATE utf8_unicode_ci NOT NULL
) ENGINE=MyISAM DEFAULT CHARSET=utf8 COLLATE=utf8_unicode_ci;

--
-- Dumping data for table `protypes`
--

INSERT INTO `protypes` (`type_id`, `type_name`) VALUES
(1, 'Trái cây tươi'),
(2, 'Bánh ngọt'),
(3, 'Rau củ');

-- --------------------------------------------------------

--
-- Table structure for table `roles`
--

CREATE TABLE `roles` (
  `role_id` int(11) NOT NULL,
  `role_name` varchar(100) COLLATE utf8_unicode_ci NOT NULL
) ENGINE=MyISAM DEFAULT CHARSET=utf8 COLLATE=utf8_unicode_ci;

--
-- Dumping data for table `roles`
--

INSERT INTO `roles` (`role_id`, `role_name`) VALUES
(1, 'Admin'),
(2, 'Customer');

-- --------------------------------------------------------

--
-- Table structure for table `sales`
--

CREATE TABLE `sales` (
  `id` int(11) NOT NULL,
  `Sell_number` int(11) NOT NULL,
  `Import_quantity` int(11) NOT NULL,
  `Import_date` timestamp NOT NULL DEFAULT current_timestamp()
) ENGINE=MyISAM DEFAULT CHARSET=utf8 COLLATE=utf8_unicode_ci;

--
-- Dumping data for table `sales`
--

INSERT INTO `sales` (`id`, `Sell_number`, `Import_quantity`, `Import_date`) VALUES
(2, 300, 1200, '2021-11-12 01:41:19'),
(3, 1200, 2000, '2021-11-12 01:42:44'),
(4, 100, 1000, '2021-11-12 01:43:12'),
(5, 700, 1500, '2021-11-12 01:43:38'),
(6, 100, 500, '2021-11-12 01:44:04'),
(7, 600, 1000, '2021-11-12 01:44:30'),
(8, 170, 300, '2021-11-12 01:44:52'),
(9, 100, 500, '2021-11-12 01:45:20'),
(10, 150, 400, '2021-11-19 12:29:46'),
(11, 160, 300, '2021-11-19 12:32:39'),
(12, 200, 500, '2021-11-19 12:32:54'),
(13, 320, 540, '2021-11-19 12:33:05'),
(14, 250, 350, '2021-11-19 12:33:17'),
(15, 700, 1000, '2021-11-19 12:33:34'),
(16, 300, 600, '2021-11-19 12:33:49'),
(17, 100, 200, '2021-11-19 12:34:01'),
(18, 500, 1000, '2021-12-14 02:25:29'),
(19, 300, 1250, '2021-12-14 02:25:29'),
(20, 400, 700, '2021-12-14 02:26:09'),
(21, 150, 500, '2021-12-14 02:26:30'),
(22, 190, 700, '2021-12-14 02:26:43'),
(23, 250, 800, '2021-12-14 02:26:58'),
(24, 800, 2000, '2021-12-14 02:27:10'),
(25, 300, 750, '2021-12-14 02:27:24');

-- --------------------------------------------------------

--
-- Table structure for table `users`
--

CREATE TABLE `users` (
  `user_id` int(11) NOT NULL,
  `image` varchar(150) COLLATE utf8_unicode_ci DEFAULT NULL,
  `First_name` varchar(100) COLLATE utf8_unicode_ci NOT NULL,
  `Last_name` varchar(100) COLLATE utf8_unicode_ci NOT NULL,
  `phone` int(11) NOT NULL,
  `username` varchar(50) COLLATE utf8_unicode_ci NOT NULL,
  `password` varchar(250) COLLATE utf8_unicode_ci NOT NULL,
  `role_id` int(11) NOT NULL
) ENGINE=MyISAM DEFAULT CHARSET=utf8 COLLATE=utf8_unicode_ci;

--
-- Dumping data for table `users`
--

INSERT INTO `users` (`user_id`, `image`, `First_name`, `Last_name`, `phone`, `username`, `password`, `role_id`) VALUES
(1, 'admin.jpg', 'Hồ', 'Duy Hoàng', 999999999, 'hoang', '202cb962ac59075b964b07152d234b70', 1),
(14, 'avatar3.jpg', 'Nguyễn', 'Quốc Huy', 123456, 'huy', '202cb962ac59075b964b07152d234b70', 2);

--
-- Indexes for dumped tables
--

--
-- Indexes for table `manufactures`
--
ALTER TABLE `manufactures`
  ADD PRIMARY KEY (`manu_id`);

--
-- Indexes for table `orders`
--
ALTER TABLE `orders`
  ADD PRIMARY KEY (`order_id`);

--
-- Indexes for table `products`
--
ALTER TABLE `products`
  ADD PRIMARY KEY (`id`);

--
-- Indexes for table `protypes`
--
ALTER TABLE `protypes`
  ADD PRIMARY KEY (`type_id`);

--
-- Indexes for table `roles`
--
ALTER TABLE `roles`
  ADD PRIMARY KEY (`role_id`);

--
-- Indexes for table `sales`
--
ALTER TABLE `sales`
  ADD PRIMARY KEY (`id`);

--
-- Indexes for table `users`
--
ALTER TABLE `users`
  ADD PRIMARY KEY (`user_id`);

--
-- AUTO_INCREMENT for dumped tables
--

--
-- AUTO_INCREMENT for table `manufactures`
--
ALTER TABLE `manufactures`
  MODIFY `manu_id` int(11) NOT NULL AUTO_INCREMENT, AUTO_INCREMENT=19;

--
-- AUTO_INCREMENT for table `orders`
--
ALTER TABLE `orders`
  MODIFY `order_id` int(11) NOT NULL AUTO_INCREMENT, AUTO_INCREMENT=71;

--
-- AUTO_INCREMENT for table `products`
--
ALTER TABLE `products`
  MODIFY `id` int(11) NOT NULL AUTO_INCREMENT, AUTO_INCREMENT=66;

--
-- AUTO_INCREMENT for table `protypes`
--
ALTER TABLE `protypes`
  MODIFY `type_id` int(11) NOT NULL AUTO_INCREMENT, AUTO_INCREMENT=9;

--
-- AUTO_INCREMENT for table `users`
--
ALTER TABLE `users`
  MODIFY `user_id` int(11) NOT NULL AUTO_INCREMENT, AUTO_INCREMENT=17;
COMMIT;

/*!40101 SET CHARACTER_SET_CLIENT=@OLD_CHARACTER_SET_CLIENT */;
/*!40101 SET CHARACTER_SET_RESULTS=@OLD_CHARACTER_SET_RESULTS */;
/*!40101 SET COLLATION_CONNECTION=@OLD_COLLATION_CONNECTION */;
